revision,case,size,samples,output_tuples,output_witnesses,median_ns,min_ns,max_ns,process_peak_rss_bytes
bd8ec04,inputs,1000,5,1000,1000,288083,285750,294541,3162112
bd8ec04,inputs,2000,5,2000,2000,1654833,1515375,1665042,5095424
bd8ec04,inputs,4000,5,4000,4000,3900583,3448291,4337500,8208384
bd8ec04,inputs,8000,5,8000,8000,11989042,11745000,12111375,15024128
bd8ec04,inputs,16000,5,16000,16000,44444166,44358500,44658792,25329664
bd8ec04,inputs,32000,5,32000,32000,173816083,170723916,175810709,47988736
bd8ec04,why,4,5,5,16,9000,8083,9917,1753088
bd8ec04,why,6,5,7,64,26084,24083,28916,1851392
bd8ec04,why,8,5,9,256,94500,93417,105291,1982464
bd8ec04,why,10,5,11,1024,404917,402083,425250,2424832
bd8ec04,why,12,5,13,4096,2155417,2138000,2184250,7340032
bd8ec04,boolean,4,5,5,16,18500,17334,19125,1785856
bd8ec04,boolean,6,5,7,64,150292,146291,152750,1851392
bd8ec04,boolean,8,5,9,256,1865083,1860500,1900042,2015232
bd8ec04,boolean,10,5,11,1024,26967000,26892542,27063166,2539520
bd8ec04,boolean,12,5,13,4096,422953458,420491750,464659708,7847936
