mode,cap,facts,alloc,assign,load,store,pairs,witnesses,max_witnesses,field_pairs
eqrel,64,15645,987,12889,1754,15,72523,0,0,102
explicit,64,15645,987,12889,1754,15,72523,0,0,102
boolean,64,15645,987,12889,1754,15,72523,81164,20,102
eqrel,128,15760,1023,12968,1754,15,82324,0,0,102
explicit,128,15760,1023,12968,1754,15,82324,0,0,102
boolean,128,15760,1023,12968,1754,15,82324,216624,58,102
eqrel,512,16514,1158,13519,1822,15,224651,0,0,102
explicit,512,16514,1158,13519,1822,15,224651,0,0,102
boolean,512,16514,1158,13519,1822,15,224651,1944910,221,102
eqrel,0,47069,4261,39607,2692,509,541214413,0,0,100775707
