mode,cap,facts,alloc,assign,load,store,pairs,witnesses,max_witnesses,sample,elapsed_ns,process_peak_rss_bytes
eqrel,128,15760,1023,12968,1754,15,82324,0,0,1,3308875,53280768
eqrel,128,15760,1023,12968,1754,15,82324,0,0,2,3320083,53280768
eqrel,128,15760,1023,12968,1754,15,82324,0,0,3,3302166,53280768
eqrel,128,15760,1023,12968,1754,15,82324,0,0,4,3288375,53280768
eqrel,128,15760,1023,12968,1754,15,82324,0,0,5,3302583,53280768
explicit,128,15760,1023,12968,1754,15,82324,0,0,1,24974041,64405504
explicit,128,15760,1023,12968,1754,15,82324,0,0,2,25162000,64405504
explicit,128,15760,1023,12968,1754,15,82324,0,0,3,30456000,64405504
explicit,128,15760,1023,12968,1754,15,82324,0,0,4,25373125,64405504
explicit,128,15760,1023,12968,1754,15,82324,0,0,5,25104458,64405504
eqrel,0,47069,4261,39607,2692,509,541214413,0,0,1,17091250,60309504
eqrel,0,47069,4261,39607,2692,509,541214413,0,0,2,17033667,60309504
eqrel,0,47069,4261,39607,2692,509,541214413,0,0,3,17587583,60309504
eqrel,0,47069,4261,39607,2692,509,541214413,0,0,4,17506333,60309504
eqrel,0,47069,4261,39607,2692,509,541214413,0,0,5,17752584,60309504
